{"cameraMode":{"drawMode":0,"name":"Shaded","section":"Shading Mode"},"sceneLighting":true,"audioPlay":false,"sceneViewState":{"showFog":true,"showMaterialUpdate":false,"showSkybox":true,"showFlares":true,"showImageEffects":true,"showParticleSystems":true},"in2DMode":false,"pivot":{"x":-6.156774520874023,"y":19.11606216430664,"z":7.643033981323242},"rotation":{"x":0.09744605422019959,"y":-0.6264260411262512,"z":0.07935008406639099,"w":0.7692843079566956},"size":43.43569564819336,"orthographic":false}