{"cameraMode":{"drawMode":0,"name":"Shaded","section":"Shading Mode"},"sceneLighting":false,"audioPlay":false,"sceneViewState":{"showFog":true,"showMaterialUpdate":false,"showSkybox":false,"showFlares":true,"showImageEffects":true,"showParticleSystems":true},"in2DMode":false,"pivot":{"x":4.204132080078125,"y":17.10846519470215,"z":7.461367130279541},"rotation":{"x":-0.06457077711820603,"y":0.8360064625740051,"z":-0.10080500692129135,"w":-0.5355046987533569},"size":24.10034942626953,"orthographic":false}