{"cameraMode":{"drawMode":0,"name":"Shaded","section":"Shading Mode"},"sceneLighting":true,"audioPlay":false,"sceneViewState":{"showFog":true,"showMaterialUpdate":false,"showSkybox":true,"showFlares":true,"showImageEffects":true,"showParticleSystems":true},"in2DMode":false,"pivot":{"x":-8.105376243591309,"y":20.753551483154298,"z":92.85942077636719},"rotation":{"x":0.22350475192070008,"y":-0.3244343400001526,"z":0.07918760180473328,"w":0.915706217288971},"size":58.880252838134769,"orthographic":false}