{"cameraMode":{"drawMode":0,"name":"Shaded","section":"Shading Mode"},"sceneLighting":true,"audioPlay":false,"sceneViewState":{"showFog":true,"showMaterialUpdate":false,"showSkybox":true,"showFlares":true,"showImageEffects":true,"showParticleSystems":true},"in2DMode":false,"pivot":{"x":31.953956604003908,"y":-12.323234558105469,"z":10.709518432617188},"rotation":{"x":0.3010489046573639,"y":-0.3556238114833832,"z":0.12216696888208389,"w":0.8763431310653687},"size":355.0921630859375,"orthographic":false}